name,link
Alpental,https://www.onthesnow.com/washington/alpental/ski-resort.html
Mt. Baker,https://www.onthesnow.com/washington/mt-baker/ski-resort.html
Stevens Pass Resort,https://www.onthesnow.com/washington/stevens-pass-resort/ski-resort.html
Eaglecrest Ski Area,https://www.onthesnow.com/alaska/eaglecrest-ski-area/ski-resort.html
White Pass,https://www.onthesnow.com/washington/white-pass/ski-resort.html
Alyeska Resort,https://www.onthesnow.com/alaska/alyeska-resort/ski-resort.html
Crystal Mountain,https://www.onthesnow.com/washington/crystal-mountain-wa/ski-resort.html
49 Degrees North,https://www.onthesnow.com/washington/49-degrees-north/ski-resort.html
Mt. Bachelor,https://www.onthesnow.com/oregon/mt-bachelor/ski-resort.html
The Summit at Snoqualmie,https://www.onthesnow.com/washington/the-summit-at-snoqualmie/ski-resort.html
Brundage Mountain Resort,https://www.onthesnow.com/idaho/brundage-mountain-resort/ski-resort.html
Grand Targhee Resort,https://www.onthesnow.com/wyoming/grand-targhee-resort/ski-resort.html
Wolf Creek Ski Area,https://www.onthesnow.com/colorado/wolf-creek-ski-area/ski-resort.html
Bluewood,https://www.onthesnow.com/washington/bluewood/ski-resort.html
Whitefish Mountain Resort,https://www.onthesnow.com/montana/whitefish-mountain-resort/ski-resort.html
Sugar Bowl Resort,https://www.onthesnow.com/california/sugar-bowl-resort/ski-resort.html
Alta Ski Area,https://www.onthesnow.com/utah/alta-ski-area/ski-resort.html
Jackson Hole,https://www.onthesnow.com/wyoming/jackson-hole/ski-resort.html
Lookout Pass Ski Area,https://www.onthesnow.com/idaho/lookout-pass-ski-area/ski-resort.html
Anthony Lakes Mountain Resort,https://www.onthesnow.com/oregon/anthony-lakes-mountain-resort/ski-resort.html
Mammoth Mountain,https://www.onthesnow.com/california/mammoth-mountain-ski-area/ski-resort.html
Mt. Spokane Ski and Snowboard Park,https://www.onthesnow.com/washington/mt-spokane-ski-and-snowboard-park/ski-resort.html
Sun Valley,https://www.onthesnow.com/idaho/sun-valley/ski-resort.html
Hoodoo Ski Area,https://www.onthesnow.com/oregon/hoodoo-ski-area/ski-resort.html
Lost Trail - Powder Mtn,https://www.onthesnow.com/montana/lost-trail-powder-mtn/ski-resort.html
Mt. Hood Skibowl,https://www.onthesnow.com/oregon/mt-hood-ski-bowl/ski-resort.html
Lost Valley,https://www.onthesnow.com/maine/lost-valley/ski-resort.html
Schweitzer,https://www.onthesnow.com/idaho/schweitzer/ski-resort.html
Silver Mountain,https://www.onthesnow.com/idaho/silver-mountain/ski-resort.html
Sierra-at-Tahoe,https://www.onthesnow.com/california/sierra-at-tahoe/ski-resort.html
Snowbasin,https://www.onthesnow.com/utah/snowbasin/ski-resort.html
Appalachian Ski Mountain,https://www.onthesnow.com/north-carolina/appalachian-ski-mtn/ski-resort.html
Boreal Mountain Resort,https://www.onthesnow.com/california/boreal/ski-resort.html
Pomerelle Mountain Resort,https://www.onthesnow.com/idaho/pomerelle-mountain-resort/ski-resort.html
Snowbird,https://www.onthesnow.com/utah/snowbird/ski-resort.html
Big Sky,https://www.onthesnow.com/montana/big-sky-resort/ski-resort.html
Cataloochee Ski Area,https://www.onthesnow.com/north-carolina/cataloochee-ski-area/ski-resort.html
Homewood Mountain Resort,https://www.onthesnow.com/california/homewood-mountain-resort/ski-resort.html
Soda Springs,https://www.onthesnow.com/california/soda-springs/ski-resort.html
Sugar Mountain Resort,https://www.onthesnow.com/north-carolina/sugar-mountain-resort/ski-resort.html
Tamarack Resort,https://www.onthesnow.com/idaho/tamarack-resort/ski-resort.html
Brighton Resort,https://www.onthesnow.com/utah/brighton-resort/ski-resort.html
Bogus Basin,https://www.onthesnow.com/idaho/bogus-basin/ski-resort.html
Montana Snowbowl,https://www.onthesnow.com/montana/montana-snowbowl/ski-resort.html
Park City,https://www.onthesnow.com/utah/park-city-mountain-resort/ski-resort.html
Beech Mountain Resort,https://www.onthesnow.com/north-carolina/ski-beech-mountain-resort/ski-resort.html
Toggenburg Mountain,https://www.onthesnow.com/new-york/toggenburg-mountain/ski-resort.html
Willamette Pass,https://www.onthesnow.com/oregon/willamette-pass/ski-resort.html
Pebble Creek Ski Area,https://www.onthesnow.com/idaho/pebble-creek-ski-area/ski-resort.html
Sapphire Valley,https://www.onthesnow.com/north-carolina/sapphire-valley/ski-resort.html
Mt. Rose - Ski Tahoe,https://www.onthesnow.com/nevada/mt-rose-ski-tahoe/ski-resort.html
Powder Mountain,https://www.onthesnow.com/utah/powder-mountain/ski-resort.html
Steamboat,https://www.onthesnow.com/colorado/steamboat/ski-resort.html
Shawnee Mountain Ski Area,https://www.onthesnow.com/pennsylvania/shawnee-mountain-ski-area/ski-resort.html
Mount Peter Ski Area,https://www.onthesnow.com/new-york/mount-peter-ski-area/ski-resort.html
Solitude Mountain Resort,https://www.onthesnow.com/utah/solitude-mountain-resort/ski-resort.html
Sugarbush,https://www.onthesnow.com/vermont/sugarbush/ski-resort.html
Wachusett Mountain Ski Area,https://www.onthesnow.com/massachusetts/wachusett-mountain-ski-area/ski-resort.html
Sleeping Giant Ski Resort,https://www.onthesnow.com/wyoming/sleeping-giant-ski-resort/ski-resort.html
Bear Valley,https://www.onthesnow.com/california/bear-valley/ski-resort.html
Beaver Mountain,https://www.onthesnow.com/utah/beaver-mountain/ski-resort.html
Diamond Peak,https://www.onthesnow.com/nevada/diamond-peak/ski-resort.html
Heavenly,https://www.onthesnow.com/california/heavenly-mountain-resort/ski-resort.html
Maverick Mountain,https://www.onthesnow.com/montana/maverick-mountain/ski-resort.html
Silverton Mountain,https://www.onthesnow.com/colorado/silverton-mountain/ski-resort.html
Kelly Canyon Ski Area,https://www.onthesnow.com/idaho/kelly-canyon-ski-area/ski-resort.html
Northstar California,https://www.onthesnow.com/california/northstar-california/ski-resort.html
Holiday Valley,https://www.onthesnow.com/new-york/holiday-valley/ski-resort.html
Ober Gatlinburg Ski Resort,https://www.onthesnow.com/tennessee/ober-gatlinburg-ski-resort/ski-resort.html
Bridger Bowl,https://www.onthesnow.com/montana/bridger-bowl/ski-resort.html
Mt. Ashland,https://www.onthesnow.com/oregon/mount-ashland/ski-resort.html
Taos Ski Valley,https://www.onthesnow.com/new-mexico/taos-ski-valley/ski-resort.html
Kirkwood,https://www.onthesnow.com/california/kirkwood/ski-resort.html
Wolf Ridge Ski Resort,https://www.onthesnow.com/north-carolina/wolf-ridge-ski-resort/ski-resort.html
Buffalo Ski Club Ski Area,https://www.onthesnow.com/new-york/buffalo-ski-club-ski-area/ski-resort.html
Bear Mountain,https://www.onthesnow.com/california/bear-mountain/ski-resort.html
Blue Mountain Resort,https://www.onthesnow.com/pennsylvania/blue-mountain-ski-area/ski-resort.html
Bristol Mountain,https://www.onthesnow.com/new-york/bristol-mountain/ski-resort.html
Bryce Resort,https://www.onthesnow.com/virginia/bryce-resort/ski-resort.html
Campgaw Mountain,https://www.onthesnow.com/new-jersey/campgaw-mountain/ski-resort.html
Discovery Ski Area,https://www.onthesnow.com/montana/discovery-ski-area/ski-resort.html
Elk Mountain Ski Resort,https://www.onthesnow.com/pennsylvania/elk-mountain-ski-resort/ski-resort.html
June Mountain,https://www.onthesnow.com/california/june-mountain/ski-resort.html
Mission Ridge,https://www.onthesnow.com/washington/mission-ridge/ski-resort.html
Snow Summit,https://www.onthesnow.com/california/snow-summit/ski-resort.html
Soldier Mountain Ski Area,https://www.onthesnow.com/idaho/soldier-mountain-ski-area/ski-resort.html
Stowe Mountain,https://www.onthesnow.com/vermont/stowe-mountain-resort/ski-resort.html
Timberline Mountain,https://www.onthesnow.com/west-virginia/timberline-four-seasons/ski-resort.html
Aspen Snowmass,https://www.onthesnow.com/colorado/aspen-snowmass/ski-resort.html
Blacktail Mountain Ski Area,https://www.onthesnow.com/montana/blacktail-mountain-ski-area/ski-resort.html
Jay Peak,https://www.onthesnow.com/vermont/jay-peak/ski-resort.html
Gunstock,https://www.onthesnow.com/new-hampshire/gunstock/ski-resort.html
Kissing Bridge,https://www.onthesnow.com/new-york/kissing-bridge/ski-resort.html
Mt. Shasta Ski Park,https://www.onthesnow.com/california/mount-shasta-board-ski-park/ski-resort.html
Ski Santa Fe,https://www.onthesnow.com/new-mexico/ski-santa-fe/ski-resort.html
Ski Brule,https://www.onthesnow.com/michigan/ski-brule/ski-resort.html
Grand Geneva,https://www.onthesnow.com/wisconsin/grand-geneva/ski-resort.html
Welch Village,https://www.onthesnow.com/minnesota/welch-village/ski-resort.html
Caberfae Peaks,https://www.onthesnow.com/michigan/caberfae-peaks-ski-golf-resort/ski-resort.html
Copper Mountain,https://www.onthesnow.com/colorado/copper-mountain-resort/ski-resort.html
Crystal Mountain,https://www.onthesnow.com/michigan/crystal-mountain/ski-resort.html
Jiminy Peak,https://www.onthesnow.com/massachusetts/jiminy-peak/ski-resort.html
Labrador Mt.,https://www.onthesnow.com/new-york/labrador-mt/ski-resort.html
Purgatory,https://www.onthesnow.com/colorado/durango-mountain-resort/ski-resort.html
Song Mountain,https://www.onthesnow.com/new-york/song-mountain/ski-resort.html
Tahoe Donner,https://www.onthesnow.com/california/tahoe-donner/ski-resort.html
Enchanted Forest Ski Area,https://www.onthesnow.com/new-mexico/enchanted-forest-cross-countryski-area/ski-resort.html
Deer Valley Resort,https://www.onthesnow.com/utah/deer-valley-resort/ski-resort.html
Ski Snowstar Winter Sports Park,https://www.onthesnow.com/illinois/ski-snowstar-winter-sports-park/ski-resort.html
Telluride,https://www.onthesnow.com/colorado/telluride/ski-resort.html
Bear Creek Mountain Resort,https://www.onthesnow.com/pennsylvania/bear-creek-mountain-resort/ski-resort.html
Chestnut Mountain Resort,https://www.onthesnow.com/illinois/chestnut-mountain-resort/ski-resort.html
Great Divide,https://www.onthesnow.com/montana/great-divide/ski-resort.html
Greek Peak,https://www.onthesnow.com/new-york/greek-peak/ski-resort.html
Crested Butte Mountain Resort,https://www.onthesnow.com/colorado/crested-butte-mountain-resort/ski-resort.html
Eldora Mountain Resort,https://www.onthesnow.com/colorado/eldora-mountain-resort/ski-resort.html
Lutsen Mountains,https://www.onthesnow.com/minnesota/lutsen-mountains/ski-resort.html
McCauley Mountain Ski Center,https://www.onthesnow.com/new-york/mccauley-mountain-ski-center/ski-resort.html
Mount La Crosse,https://www.onthesnow.com/wisconsin/mount-la-crosse/ski-resort.html
Red River,https://www.onthesnow.com/new-mexico/red-river/ski-resort.html
Ski China Peak,https://www.onthesnow.com/california/ski-china-peak/ski-resort.html
Cooper,https://www.onthesnow.com/colorado/ski-cooper/ski-resort.html
Smugglers' Notch Resort,https://www.onthesnow.com/vermont/smugglers-notch-resort/ski-resort.html
Snowshoe Mountain,https://www.onthesnow.com/west-virginia/snowshoe-mountain-resort/ski-resort.html
Suicide Six,https://www.onthesnow.com/vermont/suicide-six/ski-resort.html
Vail,https://www.onthesnow.com/colorado/vail/ski-resort.html
Wintergreen Resort,https://www.onthesnow.com/virginia/wintergreen-resort/ski-resort.html
Eagle Point,https://www.onthesnow.com/utah/eagle-point/ski-resort.html
Dodge Ridge,https://www.onthesnow.com/california/dodge-ridge/ski-resort.html
Boyne Mountain Resort,https://www.onthesnow.com/michigan/boyne-mountain-resort/ski-resort.html
Dry Hill Ski Area,https://www.onthesnow.com/new-york/dry-hill-ski-area/ski-resort.html
Nubs Nob Ski Area,https://www.onthesnow.com/michigan/nubs-nob-ski-area/ski-resort.html
Granite Peak Ski Area,https://www.onthesnow.com/wisconsin/granite-peak-ski-area/ski-resort.html
Showdown Montana,https://www.onthesnow.com/montana/showdown-ski-area/ski-resort.html
Snow Valley,https://www.onthesnow.com/california/snow-valley/ski-resort.html
Spring Mountain Ski Area,https://www.onthesnow.com/pennsylvania/spring-mountain-ski-area/ski-resort.html
Sunday River,https://www.onthesnow.com/maine/sunday-river/ski-resort.html
Sundown Mountain,https://www.onthesnow.com/iowa/sundown-mountain/ski-resort.html
Sunlight Mountain Resort,https://www.onthesnow.com/colorado/sunlight-mountain-resort/ski-resort.html
Winterplace Ski Resort,https://www.onthesnow.com/west-virginia/winterplace-ski-resort/ski-resort.html
Oak Mountain,https://www.onthesnow.com/new-york/oak-mountain/ski-resort.html
Arapahoe Basin Ski Area,https://www.onthesnow.com/colorado/arapahoe-basin-ski-area/ski-resort.html
Boyne Highlands,https://www.onthesnow.com/michigan/boyne-highlands/ski-resort.html
Breckenridge,https://www.onthesnow.com/colorado/breckenridge/ski-resort.html
Brian Head Resort,https://www.onthesnow.com/utah/brian-head-resort/ski-resort.html
Loveland,https://www.onthesnow.com/colorado/loveland/ski-resort.html
Massanutten,https://www.onthesnow.com/virginia/massanutten/ski-resort.html
Mount Southington Ski Area,https://www.onthesnow.com/connecticut/mount-southington-ski-area/ski-resort.html
Seven Springs,https://www.onthesnow.com/pennsylvania/seven-springs/ski-resort.html
Sundance,https://www.onthesnow.com/utah/sundance/ski-resort.html
Bromley Mountain,https://www.onthesnow.com/vermont/bromley-mountain/ski-resort.html
Maple Ski Ridge,https://www.onthesnow.com/new-york/maple-ski-ridge/ski-resort.html
Whiteface Mountain Resort,https://www.onthesnow.com/new-york/whiteface-mountain-resort/ski-resort.html
Snow King Resort,https://www.onthesnow.com/wyoming/snow-king-resort/ski-resort.html
Ski Apache,https://www.onthesnow.com/new-mexico/ski-apache/ski-resort.html
West Mountain,https://www.onthesnow.com/new-york/west-mountain/ski-resort.html
Arizona Snowbowl,https://www.onthesnow.com/arizona/arizona-snowbowl/ski-resort.html
Buena Vista Ski Area,https://www.onthesnow.com/minnesota/buena-vista-ski-area/ski-resort.html
Ski Butternut,https://www.onthesnow.com/massachusetts/ski-butternut/ski-resort.html
Hyland Ski & Snowboard Area,https://www.onthesnow.com/minnesota/hyland-ski-snowboard-area/ski-resort.html
Monarch Mountain,https://www.onthesnow.com/colorado/monarch-mountain/ski-resort.html
Mount Kato Ski Area,https://www.onthesnow.com/minnesota/mount-kato-ski-area/ski-resort.html
Snow Ridge,https://www.onthesnow.com/new-york/snow-ridge/ski-resort.html
Meadowlark Ski Lodge,https://www.onthesnow.com/wyoming/meadowlark-ski-lodge/ski-resort.html
Mount Pleasant of Edinboro,https://www.onthesnow.com/pennsylvania/mount-pleasant-of-edinboro/ski-resort.html
Christie Mountain,https://www.onthesnow.com/wisconsin/christie-mountain/ski-resort.html
Montage Mountain,https://www.onthesnow.com/pennsylvania/sno-mountain/ski-resort.html
Mount Snow,https://www.onthesnow.com/vermont/mount-snow/ski-resort.html
Beaver Creek,https://www.onthesnow.com/colorado/beaver-creek/ski-resort.html
Berkshire East,https://www.onthesnow.com/massachusetts/berkshire-east/ski-resort.html
Cannon Mountain,https://www.onthesnow.com/new-hampshire/cannon-mountain/ski-resort.html
Devils Head,https://www.onthesnow.com/wisconsin/devils-head/ski-resort.html
Giants Ridge Resort,https://www.onthesnow.com/minnesota/giants-ridge-resort/ski-resort.html
Killington Resort,https://www.onthesnow.com/vermont/killington-resort/ski-resort.html
Perfect North Slopes,https://www.onthesnow.com/indiana/perfect-north-slopes/ski-resort.html
Pico Mountain ,https://www.onthesnow.com/vermont/pico-mountain-at-killington/ski-resort.html
Powder Ridge Ski Area,https://www.onthesnow.com/minnesota/powder-ridge-ski-area/ski-resort.html
Red Lodge Mountain,https://www.onthesnow.com/montana/red-lodge-mountain/ski-resort.html
Ski Sundown,https://www.onthesnow.com/connecticut/ski-sundown/ski-resort.html
Thunder Ridge,https://www.onthesnow.com/new-york/thunder-ridge/ski-resort.html
Woods Valley Ski Area,https://www.onthesnow.com/new-york/woods-valley-ski-area/ski-resort.html
Canaan Valley Resort,https://www.onthesnow.com/west-virginia/canaan-valley-resort/ski-resort.html
Powder Ridge Park,https://www.onthesnow.com/connecticut/powder-ridge-park/ski-resort.html
Angel Fire Resort,https://www.onthesnow.com/new-mexico/angel-fire-resort/ski-resort.html
Keystone,https://www.onthesnow.com/colorado/keystone/ski-resort.html
Powderhorn,https://www.onthesnow.com/colorado/powderhorn/ski-resort.html
Snow Trails,https://www.onthesnow.com/ohio/snow-trails/ski-resort.html
Sunrise Park Resort,https://www.onthesnow.com/arizona/sunrise-park-resort/ski-resort.html
Waterville Valley,https://www.onthesnow.com/new-hampshire/waterville-valley/ski-resort.html
Holimont Ski Area,https://www.onthesnow.com/new-york/holimont-ski-area/ski-resort.html
Bittersweet Ski Area,https://www.onthesnow.com/michigan/bittersweet-ski-area/ski-resort.html
Bolton Valley,https://www.onthesnow.com/vermont/bolton-valley/ski-resort.html
Bretton Woods,https://www.onthesnow.com/new-hampshire/bretton-woods/ski-resort.html
Camelback Mountain Resort,https://www.onthesnow.com/pennsylvania/camelback-mountain-resort/ski-resort.html
Gore Mountain,https://www.onthesnow.com/new-york/gore-mountain/ski-resort.html
Hunter Mountain,https://www.onthesnow.com/new-york/hunter-mountain/ski-resort.html
Loon Mountain,https://www.onthesnow.com/new-hampshire/loon-mountain/ski-resort.html
Magic Mountain Ski Area,https://www.onthesnow.com/idaho/magic-mountain-ski-area/ski-resort.html
Mohawk Mountain,https://www.onthesnow.com/connecticut/mohawk-mountain/ski-resort.html
Mountain Creek Resort,https://www.onthesnow.com/new-jersey/mountain-creek-resort/ski-resort.html
Mt. Brighton,https://www.onthesnow.com/michigan/mount-brighton/ski-resort.html
Mount Holly,https://www.onthesnow.com/michigan/mount-holly/ski-resort.html
Mont Ripley,https://www.onthesnow.com/michigan/mont-ripley/ski-resort.html
Nordic Mountain,https://www.onthesnow.com/wisconsin/nordic-mountain/ski-resort.html
Paoli Peaks,https://www.onthesnow.com/indiana/paoli-peaks/ski-resort.html
Pine Mountain,https://www.onthesnow.com/michigan/pine-mountain/ski-resort.html
Schuss Mountain at Shanty Creek,https://www.onthesnow.com/michigan/shanty-creek/ski-resort.html
Ski Sawmill,https://www.onthesnow.com/pennsylvania/ski-sawmill/ski-resort.html
Windham Mountain,https://www.onthesnow.com/new-york/windham-mountain/ski-resort.html
Spirit Mountain,https://www.onthesnow.com/minnesota/spirit-mountain/ski-resort.html
Tyrol Basin,https://www.onthesnow.com/wisconsin/tyrol-basin/ski-resort.html
Wildcat Mountain,https://www.onthesnow.com/new-hampshire/wildcat-mountain/ski-resort.html
Yawgoo Valley,https://www.onthesnow.com/rhode-island/yawgoo-valley/ski-resort.html
Ski Big Bear,https://www.onthesnow.com/pennsylvania/big-bear/ski-resort.html
Mount Bohemia,https://www.onthesnow.com/michigan/mount-bohemia/ski-resort.html
Ski Ward,https://www.onthesnow.com/massachusetts/ski-ward/ski-resort.html
Elm Creek Winter Recreation Area,https://www.onthesnow.com/minnesota/elm-creek/ski-resort.html
Hunt Hollow Ski Club,https://www.onthesnow.com/new-york/hunt-hollow-ski-club/ski-resort.html
Magic Mountain,https://www.onthesnow.com/vermont/magic-mountain/ski-resort.html
Nordic Valley Resort,https://www.onthesnow.com/utah/wolf-creek/ski-resort.html
Okemo Mountain Resort,https://www.onthesnow.com/vermont/okemo-mountain-resort/ski-resort.html
Sipapu Ski Resort,https://www.onthesnow.com/new-mexico/sipapu-ski-and-summer-resort/ski-resort.html
Belleayre,https://www.onthesnow.com/new-york/belleayre/ski-resort.html
Blue Knob,https://www.onthesnow.com/pennsylvania/blue-knob/ski-resort.html
Shawnee Peak,https://www.onthesnow.com/maine/shawnee-peak/ski-resort.html
The Omni Homestead Resort,https://www.onthesnow.com/virginia/the-homestead-ski-area/ski-resort.html
Mount Sunapee,https://www.onthesnow.com/new-hampshire/mount-sunapee/ski-resort.html
Attitash,https://www.onthesnow.com/new-hampshire/attitash/ski-resort.html
Catamount,https://www.onthesnow.com/new-york/catamount-ski-ride-area/ski-resort.html
Nashoba Valley,https://www.onthesnow.com/massachusetts/nashoba-valley/ski-resort.html
Plattekill Mountain,https://www.onthesnow.com/new-york/plattekill-mountain/ski-resort.html
Whitetail Resort,https://www.onthesnow.com/pennsylvania/whitetail-resort/ski-resort.html
Wisp,https://www.onthesnow.com/maryland/wisp/ski-resort.html
Little Switzerland,https://www.onthesnow.com/wisconsin/little-switzerland/ski-resort.html
Andes Tower Hills Ski Area,https://www.onthesnow.com/minnesota/andes-tower-hills-ski-area/ski-resort.html
Bousquet Ski Area,https://www.onthesnow.com/massachusetts/bousquet-ski-area/ski-resort.html
Bradford Ski Area,https://www.onthesnow.com/massachusetts/bradford-ski-area/ski-resort.html
Donner Ski Ranch,https://www.onthesnow.com/california/donner-ski-ranch/ski-resort.html
Four Lakes,https://www.onthesnow.com/illinois/four-lakes/ski-resort.html
Jack Frost,https://www.onthesnow.com/pennsylvania/jack-frost/ski-resort.html
King Pine,https://www.onthesnow.com/new-hampshire/king-pine/ski-resort.html
Mountain High,https://www.onthesnow.com/california/mountain-high/ski-resort.html
New Hermon Mountain,https://www.onthesnow.com/maine/new-hermon-mountain/ski-resort.html
Pats Peak,https://www.onthesnow.com/new-hampshire/pats-peak/ski-resort.html
Trollhaugen,https://www.onthesnow.com/wisconsin/trollhaugen/ski-resort.html
Cooper Spur,https://www.onthesnow.com/oregon/cooper-spur/ski-resort.html
Blue Hills Ski Area,https://www.onthesnow.com/massachusetts/blue-hills-ski-area/ski-resort.html
Crotched Mountain,https://www.onthesnow.com/new-hampshire/crotched-mountain/ski-resort.html
Buck Hill,https://www.onthesnow.com/minnesota/buck-hill/ski-resort.html
Burke Mountain,https://www.onthesnow.com/vermont/burke-mountain/ski-resort.html
Sugarloaf,https://www.onthesnow.com/maine/sugarloaf/ski-resort.html
Swiss Valley,https://www.onthesnow.com/michigan/swiss-valley/ski-resort.html
Timber Ridge,https://www.onthesnow.com/michigan/timber-ridge/ski-resort.html
Titus Mountain,https://www.onthesnow.com/new-york/titus-mountain/ski-resort.html
Willard Mountain,https://www.onthesnow.com/new-york/willard-mountain/ski-resort.html
Cascade Mountain,https://www.onthesnow.com/wisconsin/cascade-mountain/ski-resort.html
Ski Granby Ranch,https://www.onthesnow.com/colorado/ski-granby-ranch/ski-resort.html
The Homestead,https://www.onthesnow.com/michigan/the-homestead/ski-resort.html
Hogadon Basin,https://www.onthesnow.com/wyoming/hogadon/ski-resort.html
Howelsen Hill,https://www.onthesnow.com/colorado/howelsen-hill/ski-resort.html
Lee Canyon,https://www.onthesnow.com/nevada/las-vegas-ski-and-snowboard-resort/ski-resort.html
Wilmot Mountain,https://www.onthesnow.com/wisconsin/wilmot-mountain/ski-resort.html
Afton Alps,https://www.onthesnow.com/minnesota/afton-alps/ski-resort.html
Alpine Valley Ski Area,https://www.onthesnow.com/michigan/alpine-valley-ski-area/ski-resort.html
Big Powderhorn Mountain,https://www.onthesnow.com/michigan/big-powderhorn-mountain/ski-resort.html
Black Mountain,https://www.onthesnow.com/new-hampshire/black-mountain/ski-resort.html
Camden Snow Bowl,https://www.onthesnow.com/maine/camden-snow-bowl/ski-resort.html
Cannonsburg,https://www.onthesnow.com/michigan/cannonsburg/ski-resort.html
Dartmouth Skiway,https://www.onthesnow.com/new-hampshire/dartmouth-skiway/ski-resort.html
Hidden Valley Ski Area,https://www.onthesnow.com/missouri/hidden-valley-ski-area/ski-resort.html
Mad River Mountain,https://www.onthesnow.com/ohio/mad-river-mountain/ski-resort.html
Marquette Mountain,https://www.onthesnow.com/michigan/marquette-mountain/ski-resort.html
Ragged Mountain Resort,https://www.onthesnow.com/new-hampshire/ragged-mountain-resort/ski-resort.html
Snow Snake Mountain Ski Area,https://www.onthesnow.com/michigan/snow-snake-mountain-ski-area/ski-resort.html
Stratton Mountain,https://www.onthesnow.com/vermont/stratton-mountain/ski-resort.html
Sunburst,https://www.onthesnow.com/wisconsin/sunburst/ski-resort.html
Wild Mountain Ski & Snowboard Area,https://www.onthesnow.com/minnesota/wild-mountain-ski-snowboard-area/ski-resort.html
Cranmore Mountain Resort,https://www.onthesnow.com/new-hampshire/cranmore-mountain-resort/ski-resort.html
Pajarito Mountain Ski Area,https://www.onthesnow.com/new-mexico/pajarito-mountain-ski-area/ski-resort.html
Terry Peak Ski Area,https://www.onthesnow.com/south-dakota/terry-peak-ski-area/ski-resort.html
Big Snow Resort - Indianhead Mountain,https://www.onthesnow.com/michigan/indianhead-mountain/ski-resort.html
Alpine Valley Resort,https://www.onthesnow.com/wisconsin/alpine-valley-resort/ski-resort.html
Brantling Ski Slopes,https://www.onthesnow.com/new-york/brantling-ski-slopes/ski-resort.html
Mt. Abram Ski Resort,https://www.onthesnow.com/maine/mt-abram-ski-resort/ski-resort.html
Sandia Peak,https://www.onthesnow.com/new-mexico/sandia-peak/ski-resort.html
Seven Oaks,https://www.onthesnow.com/iowa/seven-oaks/ski-resort.html
Roundtop Mountain Resort,https://www.onthesnow.com/pennsylvania/roundtop-mountain-resort/ski-resort.html
Tussey Mountain,https://www.onthesnow.com/pennsylvania/tussey-mountain/ski-resort.html
Snow Creek,https://www.onthesnow.com/missouri/snow-creek/ski-resort.html
Pine Knob Ski Resort,https://www.onthesnow.com/michigan/pine-knob-ski-resort/ski-resort.html
Whaleback Mountain,https://www.onthesnow.com/new-hampshire/whaleback-mountain/ski-resort.html
Otis Ridge Ski Area,https://www.onthesnow.com/massachusetts/otis-ridge-ski-area/ski-resort.html
Boston Mills,https://www.onthesnow.com/ohio/boston-mills/ski-resort.html
Brandywine,https://www.onthesnow.com/ohio/brandywine/ski-resort.html
Mad River Glen,https://www.onthesnow.com/vermont/mad-river-glen/ski-resort.html
Whitecap Mountain,https://www.onthesnow.com/wisconsin/whitecap-mountain/ski-resort.html
Liberty,https://www.onthesnow.com/pennsylvania/liberty/ski-resort.html
Peek'n Peak,https://www.onthesnow.com/new-york/peekn-peak/ski-resort.html
Villa Olivia,https://www.onthesnow.com/illinois/villa-olivia/ski-resort.html
White Pine Ski Area,https://www.onthesnow.com/wyoming/white-pine-ski-area/ski-resort.html
Bruce Mound,https://www.onthesnow.com/wisconsin/bruce-mound/ski-resort.html
Alpine Valley,https://www.onthesnow.com/ohio/alpine-valley/ski-resort.html
Swain,https://www.onthesnow.com/new-york/swain/ski-resort.html
Royal Mountain Ski Area,https://www.onthesnow.com/new-york/royal-mountain-ski-area/ski-resort.html
Mt. Jefferson,https://www.onthesnow.com/maine/mt-jefferson/ski-resort.html
Hilltop Ski Area,https://www.onthesnow.com/alaska/hilltop-ski-area/ski-resort.html
Apple Mountain,https://www.onthesnow.com/michigan/apple-mountain/ski-resort.html
Yosemite Ski & Snowboard Area,https://www.onthesnow.com/california/badger-pass/ski-resort.html
Big Boulder,https://www.onthesnow.com/pennsylvania/big-boulder/ski-resort.html
Big Snow Resort - Blackjack,https://www.onthesnow.com/michigan/blackjack-ski-resort/ski-resort.html
Ski Blandford,https://www.onthesnow.com/massachusetts/blandford-ski-area/ski-resort.html
Christmas Mountain,https://www.onthesnow.com/wisconsin/christmas-mountain/ski-resort.html
Eagle Rock,https://www.onthesnow.com/pennsylvania/eagle-rock/ski-resort.html
Holiday Mountain,https://www.onthesnow.com/new-york/holiday-mountain/ski-resort.html
Mt. Baldy,https://www.onthesnow.com/california/mt-baldy/ski-resort.html
Mt. Crescent Ski Area,https://www.onthesnow.com/iowa/mt-crescent-ski-area/ski-resort.html
Mt. Holiday Ski Area,https://www.onthesnow.com/michigan/mount-holiday-ski-area/ski-resort.html
Mt. Hood Meadows,https://www.onthesnow.com/oregon/mt-hood-meadows/ski-resort.html
Norway Mountain,https://www.onthesnow.com/michigan/norway-mountain/ski-resort.html
Snowy Range Ski & Recreation Area,https://www.onthesnow.com/wyoming/snowy-range-ski-recreation-area/ski-resort.html
Squaw Valley Alpine Meadows,https://www.onthesnow.com/california/squaw-valley-usa/ski-resort.html
Teton Pass Ski Resort,https://www.onthesnow.com/montana/teton-pass-ski-area/ski-resort.html
Timberline Lodge,https://www.onthesnow.com/oregon/timberline-lodge/ski-resort.html
Treetops Resort,https://www.onthesnow.com/michigan/treetops-resort/ski-resort.html
Winter Park,https://www.onthesnow.com/colorado/winter-park-resort/ski-resort.html
Woodbury Ski Area,https://www.onthesnow.com/connecticut/woodbury-ski-area/ski-resort.html
Big Squaw Mountain Ski Resort,https://www.onthesnow.com/maine/big-squaw-mountain-ski-resort/ski-resort.html
Spout Springs,https://www.onthesnow.com/oregon/spout-springs/ski-resort.html
Deer Mountain Ski Resort,https://www.onthesnow.com/south-dakota/ski-mystic-at-deer-mountain/ski-resort.html
Coffee Mill Ski & Snowboard Resort,https://www.onthesnow.com/minnesota/coffee-mill-ski-snowboard-resort/ski-resort.html
Mulligan's Hollow Ski Bowl,https://www.onthesnow.com/michigan/mulligans-hollow-ski-bowl/ski-resort.html
Elko SnoBowl,https://www.onthesnow.com/nevada/elko-snobowl/ski-resort.html
